subject_key,site_key,site_subject_ident
jones-1,vitals,/doctors/Dr_Everette_Jones.html
jones-1,vitals,/doctors/1zppd5/teresa-jones
jones-1,vitals,/dentists/Dr_Jeanice_Jones
jones-1,vitals,/doctors/Dr_Marklyn_Jones.html
jones-1,vitals,/doctors/1wbthp/asher-jones
jones-1,vitals,/doctors/Dr_Edward_L_Jones_1.html
jones-1,vitals,/doctors/Dr_Oliver_Jones.html
jones-1,vitals,/doctors/1p4fh6/trevor-jones
jones-1,vitals,/chiropractors/1p31fs/dean-jones
jones-1,vitals,/doctors/Dr_Mary_Jonsson.html
jones-1,ratemds,/doctor-ratings/2903716/Dr-A.+ALEXANDER-JONES-Denver-CO.html
jones-1,ratemds,/doctor-ratings/2496631/Dr-JAMES+E.-JONES-DENVER-CO.html
jones-1,ratemds,/doctor-ratings/2658766/Dr-JAMIRA+T.-JONES-DENVER-CO.html
jones-1,ratemds,/doctor-ratings/3232652/Dr-REBECCA+S.-RATNAM-Denver-CO.html
jones-1,ratemds,/doctor-ratings/3148385/Dr-MEREDITH+C.-JONES-DENVER-CO.html
jones-1,ratemds,/doctor-ratings/2508476/Dr-MARKLYN+J.-JONES-Denver-CO.html
jones-1,ratemds,/doctor-ratings/2388685/Dr-EVERETTE-JONES-DENVER-CO.html
jones-1,ratemds,/doctor-ratings/2335845/Dr-FREDERICK+A.-JONES-Denver-CO.html
jones-1,ratemds,/doctor-ratings/2459026/Dr-OLIVER+W.-JONES-Denver-CO.html
jones-1,ratemds,/doctor-ratings/3449105/ELAINE+K.-JONES-Denver-CO.html
jones-1,healthgrades,/physician/dr-arthur-jones-w8sdb
jones-1,healthgrades,/physician/dr-frederick-jones-yf36v
jones-1,healthgrades,/physician/dr-andrew-jones-ycbnf
jones-1,healthgrades,/provider/cassandra-jones-y9v24tz
jones-1,healthgrades,/physician/dr-a-alexander-jones-ykxp4
jones-1,healthgrades,/physician/dr-shannon-jones-g72xr
jones-1,healthgrades,/physician/dr-everette-jones-gg4st
jones-1,healthgrades,/provider/elaine-jones-2r63p
jones-1,healthgrades,/provider/amy-jones-xylgbp6
jones-1,healthgrades,/provider/jessica-jones-xyms6w6
